,T,clicks,visits,date
0,1,8,13,2022-01-28 19:25:00
1,1,6,12,2022-02-04 13:16:00
2,1,8,12,2022-01-09 12:07:00
3,1,8,13,2022-01-30 12:12:00
4,0,4,8,2022-02-20 05:04:00
5,1,9,12,2022-01-28 07:13:00
6,0,5,11,2022-04-03 03:22:00
7,1,8,9,2022-02-25 01:00:00
8,1,8,12,2022-01-02 06:27:00
9,0,5,10,2022-01-11 00:01:00
10,1,11,14,2022-04-01 15:50:00
11,1,7,9,2022-02-21 00:11:00
12,1,5,7,2022-01-20 11:41:00
13,1,6,8,2022-02-24 02:38:00
14,0,5,11,2022-03-06 16:50:00
15,0,4,11,2022-01-12 17:40:00
16,0,5,8,2022-03-15 23:46:00
17,1,8,12,2022-01-14 12:32:00
18,1,12,16,2022-01-09 20:53:00
19,1,6,10,2022-01-18 21:32:00
20,1,10,14,2022-03-28 09:32:00
21,1,11,14,2022-01-06 12:19:00
22,0,3,10,2022-03-29 12:26:00
23,1,10,16,2022-02-08 14:57:00
24,0,5,8,2022-03-29 01:33:00
25,1,8,14,2022-04-04 13:35:00
26,0,1,11,2022-02-03 22:05:00
27,1,5,11,2022-02-27 12:45:00
28,1,10,16,2022-03-23 21:53:00
29,0,8,15,2022-02-04 00:58:00
30,0,1,8,2022-01-12 09:58:00
31,1,5,7,2022-03-19 20:32:00
32,0,2,11,2022-03-12 02:31:00
33,1,5,10,2022-03-20 01:26:00
34,0,3,8,2022-02-24 21:47:00
35,1,6,12,2022-02-09 19:25:00
36,1,8,12,2022-02-19 18:49:00
37,1,7,9,2022-02-06 11:27:00
38,1,4,10,2022-01-12 05:08:00
39,1,6,11,2022-04-08 04:05:00
40,0,7,10,2022-04-10 23:28:00
41,0,4,10,2022-04-04 12:13:00
42,1,10,21,2022-01-22 07:13:00
43,0,5,6,2022-02-14 02:42:00
44,1,13,20,2022-03-27 20:52:00
45,1,5,13,2022-03-10 21:41:00
46,0,3,8,2022-02-10 15:59:00
47,0,2,5,2022-01-31 16:15:00
48,0,7,7,2022-01-03 06:14:00
49,0,4,5,2022-03-21 22:30:00
50,1,7,9,2022-01-15 02:21:00
51,0,5,8,2022-03-30 02:47:00
52,1,6,9,2022-03-03 02:29:00
53,0,7,8,2022-01-29 01:14:00
54,0,4,5,2022-03-27 15:19:00
55,0,9,13,2022-02-03 23:57:00
56,1,6,11,2022-02-15 10:43:00
57,0,2,5,2022-01-01 20:59:00
58,0,4,11,2022-01-01 23:12:00
59,0,4,8,2022-01-14 13:34:00
60,0,6,10,2022-01-13 19:17:00
61,0,5,9,2022-02-12 16:37:00
62,1,13,19,2022-02-04 02:02:00
63,0,6,12,2022-01-26 21:28:00
64,0,3,7,2022-01-17 12:17:00
65,0,5,12,2022-03-24 04:25:00
66,1,11,18,2022-01-31 20:54:00
67,0,3,8,2022-03-07 02:15:00
68,1,6,11,2022-04-08 21:52:00
69,0,5,12,2022-03-22 10:02:00
70,1,6,14,2022-01-16 06:51:00
71,0,4,10,2022-03-02 20:16:00
72,1,4,7,2022-04-03 07:00:00
73,1,11,15,2022-01-28 07:11:00
74,1,7,13,2022-01-24 00:45:00
75,0,2,6,2022-02-23 03:37:00
76,0,10,13,2022-01-10 14:16:00
77,0,7,16,2022-04-10 17:41:00
78,0,5,10,2022-04-07 09:39:00
79,0,2,7,2022-02-18 02:36:00
80,0,5,7,2022-02-23 10:18:00
81,0,3,5,2022-04-08 06:27:00
82,0,5,12,2022-01-11 00:15:00
83,1,2,6,2022-03-03 17:54:00
84,1,8,9,2022-02-16 04:45:00
85,0,10,18,2022-03-01 01:19:00
86,1,9,15,2022-04-06 19:31:00
87,0,7,11,2022-01-21 00:36:00
88,1,9,15,2022-03-20 03:43:00
89,1,10,13,2022-02-16 08:35:00
90,0,3,9,2022-03-14 14:59:00
91,1,2,9,2022-03-13 04:50:00
92,0,4,10,2022-03-29 21:03:00
93,1,12,16,2022-03-10 12:29:00
94,0,6,9,2022-03-11 06:07:00
95,0,3,13,2022-04-04 13:31:00
96,1,12,15,2022-02-06 04:03:00
97,0,6,13,2022-03-30 13:49:00
98,1,12,15,2022-01-04 08:10:00
99,0,9,10,2022-01-01 13:25:00
100,1,4,8,2022-01-09 07:51:00
101,0,2,3,2022-01-26 18:46:00
102,1,8,16,2022-01-29 00:43:00
103,1,8,14,2022-01-10 19:45:00
104,0,5,14,2022-03-12 15:57:00
105,1,8,11,2022-03-25 06:58:00
106,1,6,13,2022-01-07 01:43:00
107,1,9,14,2022-03-02 13:00:00
108,0,4,9,2022-01-28 18:17:00
109,1,8,13,2022-03-25 13:18:00
110,0,6,18,2022-02-03 05:40:00
111,1,5,10,2022-01-07 10:00:00
112,1,8,14,2022-01-06 03:31:00
113,0,7,13,2022-03-31 17:52:00
114,1,6,9,2022-03-04 09:36:00
115,0,3,7,2022-01-07 16:23:00
116,1,10,14,2022-01-21 17:34:00
117,1,5,8,2022-02-26 11:12:00
118,1,6,11,2022-01-27 23:10:00
119,1,4,10,2022-04-03 06:05:00
120,1,5,10,2022-04-04 15:00:00
121,1,8,13,2022-03-13 18:57:00
122,1,4,6,2022-01-05 06:29:00
123,1,11,15,2022-01-18 02:35:00
124,0,6,12,2022-02-26 01:24:00
125,1,8,10,2022-01-03 21:09:00
126,0,5,10,2022-02-05 08:30:00
127,0,10,17,2022-01-16 12:39:00
128,1,6,15,2022-02-23 00:31:00
129,0,5,11,2022-01-01 01:02:00
130,1,12,19,2022-01-23 11:05:00
131,0,2,6,2022-04-03 13:47:00
132,0,4,5,2022-03-17 21:21:00
133,0,5,7,2022-01-22 03:15:00
134,1,7,14,2022-03-09 00:55:00
135,1,13,17,2022-04-01 08:05:00
136,1,7,12,2022-03-13 23:46:00
137,1,9,13,2022-04-11 05:06:00
138,1,6,7,2022-03-07 00:00:00
139,0,4,6,2022-04-09 04:00:00
140,1,14,21,2022-02-14 15:57:00
141,0,4,8,2022-01-16 06:41:00
142,0,4,7,2022-03-15 06:31:00
143,1,5,7,2022-02-17 12:36:00
144,1,10,17,2022-02-22 08:47:00
145,1,7,8,2022-01-06 22:30:00
146,0,0,11,2022-03-20 14:17:00
147,1,4,9,2022-03-24 18:05:00
148,1,6,9,2022-02-08 03:05:00
149,1,3,8,2022-01-15 13:15:00
150,0,1,3,2022-02-22 02:50:00
151,1,4,7,2022-03-20 12:03:00
152,0,3,8,2022-03-08 21:49:00
153,1,9,11,2022-03-09 03:00:00
154,0,4,9,2022-02-11 00:54:00
155,1,7,12,2022-01-23 02:15:00
156,1,6,12,2022-04-02 02:21:00
157,1,6,11,2022-03-31 18:54:00
158,0,5,8,2022-02-25 03:10:00
159,0,6,15,2022-01-30 06:49:00
160,1,7,13,2022-01-11 06:30:00
161,0,9,14,2022-03-22 17:36:00
162,1,7,9,2022-03-04 08:39:00
163,1,8,12,2022-03-28 21:00:00
164,1,10,19,2022-02-20 22:57:00
165,1,5,11,2022-04-06 12:30:00
166,0,3,8,2022-02-02 19:20:00
167,0,4,9,2022-03-31 00:35:00
168,1,6,10,2022-02-27 18:37:00
169,0,5,10,2022-02-24 00:46:00
170,1,3,5,2022-03-12 11:43:00
171,0,5,10,2022-03-28 19:01:00
172,0,6,9,2022-03-12 08:59:00
173,0,6,9,2022-01-03 22:59:00
174,1,13,27,2022-01-19 19:02:00
175,0,4,7,2022-02-15 11:05:00
176,0,5,9,2022-01-16 00:36:00
177,1,6,9,2022-02-23 00:29:00
178,1,15,18,2022-01-30 04:04:00
179,0,6,13,2022-03-01 07:08:00
180,0,0,3,2022-01-05 14:00:00
181,1,7,11,2022-01-30 18:17:00
182,1,7,15,2022-01-31 17:11:00
183,0,5,10,2022-03-02 16:41:00
184,1,4,8,2022-04-09 00:41:00
185,1,8,11,2022-02-22 14:14:00
186,1,12,17,2022-03-12 17:03:00
187,1,9,12,2022-01-13 19:30:00
188,1,7,15,2022-04-07 18:32:00
189,0,4,10,2022-03-13 13:00:00
190,0,3,6,2022-02-27 03:55:00
191,0,3,10,2022-03-19 00:09:00
192,0,5,14,2022-02-21 07:13:00
193,1,7,10,2022-02-28 05:31:00
194,1,10,16,2022-01-05 04:04:00
195,0,2,6,2022-02-06 13:01:00
196,0,2,4,2022-03-05 02:49:00
197,0,5,11,2022-01-27 02:25:00
198,0,6,10,2022-02-24 17:33:00
199,0,1,4,2022-02-06 04:18:00
200,0,4,9,2022-04-03 18:32:00
201,1,7,13,2022-03-10 23:00:00
202,0,4,8,2022-03-06 12:42:00
203,0,2,7,2022-03-01 03:41:00
204,0,5,11,2022-03-20 18:53:00
205,0,7,15,2022-04-06 10:49:00
206,1,7,13,2022-02-03 03:39:00
207,0,3,9,2022-02-24 23:03:00
208,1,4,7,2022-03-17 13:34:00
209,1,7,11,2022-03-02 06:08:00
210,1,12,18,2022-02-20 08:59:00
211,0,9,15,2022-01-06 00:44:00
212,1,10,14,2022-04-04 20:55:00
213,0,4,11,2022-01-05 20:59:00
214,0,2,12,2022-03-01 17:52:00
215,1,5,11,2022-02-16 00:19:00
216,0,8,16,2022-01-09 00:07:00
217,0,4,7,2022-01-21 20:19:00
218,1,6,8,2022-02-18 00:03:00
219,1,9,12,2022-01-04 19:24:00
220,1,7,10,2022-04-09 13:23:00
221,1,2,4,2022-01-27 02:17:00
222,0,5,8,2022-02-24 18:13:00
223,1,8,13,2022-02-19 03:06:00
224,0,5,7,2022-01-13 06:57:00
225,1,8,12,2022-02-12 00:27:00
226,1,12,15,2022-01-14 04:00:00
227,0,6,13,2022-02-26 20:40:00
228,1,7,9,2022-02-05 11:47:00
229,1,5,8,2022-01-15 03:55:00
230,0,10,12,2022-03-24 22:34:00
231,0,11,18,2022-03-08 14:44:00
232,1,9,13,2022-03-25 14:38:00
233,0,5,11,2022-03-10 16:59:00
234,0,5,10,2022-02-26 19:04:00
235,0,6,9,2022-01-14 12:39:00
236,0,1,5,2022-02-01 07:33:00
237,0,2,8,2022-01-16 03:58:00
238,0,4,11,2022-01-02 12:25:00
239,1,9,16,2022-01-06 12:18:00
240,1,6,9,2022-03-21 07:33:00
241,0,5,7,2022-03-13 19:17:00
242,1,10,15,2022-03-01 08:36:00
243,0,7,15,2022-01-18 10:05:00
244,1,4,8,2022-02-14 00:00:00
245,0,3,5,2022-01-17 21:56:00
246,1,7,11,2022-01-10 00:57:00
247,0,5,14,2022-01-18 19:03:00
248,0,4,8,2022-02-20 23:24:00
249,0,3,9,2022-02-15 01:12:00
250,0,6,8,2022-04-09 23:16:00
251,1,5,8,2022-02-20 01:49:00
252,1,7,9,2022-02-19 19:41:00
253,1,3,7,2022-01-08 15:07:00
254,1,11,15,2022-03-16 15:06:00
255,0,5,8,2022-03-05 18:57:00
256,1,5,8,2022-03-26 07:49:00
257,1,6,7,2022-01-08 00:14:00
258,1,9,11,2022-01-20 14:03:00
259,0,8,9,2022-03-06 02:29:00
260,0,4,10,2022-01-31 23:10:00
261,0,9,13,2022-01-22 22:54:00
262,0,6,11,2022-03-14 16:25:00
263,1,5,9,2022-01-27 08:02:00
264,1,6,7,2022-03-23 12:06:00
265,1,2,8,2022-01-07 10:38:00
266,0,7,11,2022-03-05 09:26:00
267,1,8,14,2022-02-04 21:30:00
268,0,2,6,2022-03-11 18:00:00
269,0,2,7,2022-01-10 02:42:00
270,1,5,8,2022-02-20 13:22:00
271,1,8,13,2022-01-09 13:07:00
272,0,6,11,2022-03-13 21:01:00
273,1,10,12,2022-04-05 07:06:00
274,0,1,6,2022-03-17 10:05:00
275,1,7,11,2022-04-06 03:36:00
276,1,12,15,2022-03-21 03:56:00
277,1,19,25,2022-04-09 03:21:00
278,1,10,15,2022-02-06 11:13:00
279,1,9,11,2022-02-26 12:52:00
280,0,6,13,2022-03-25 00:24:00
281,1,11,16,2022-01-24 20:46:00
282,1,11,15,2022-01-24 21:34:00
283,0,7,14,2022-01-25 22:59:00
284,0,3,10,2022-01-10 09:23:00
285,0,9,19,2022-01-26 07:33:00
286,1,8,12,2022-01-11 23:06:00
287,0,8,12,2022-02-17 17:02:00
288,0,9,13,2022-02-23 02:09:00
289,1,8,12,2022-03-25 01:11:00
290,0,6,13,2022-03-18 00:27:00
291,0,7,14,2022-01-10 02:33:00
292,1,6,7,2022-02-11 08:12:00
293,0,3,8,2022-03-23 21:57:00
294,1,8,10,2022-01-18 04:40:00
295,0,6,14,2022-01-09 04:09:00
296,0,4,11,2022-03-28 01:17:00
297,1,11,18,2022-04-08 00:04:00
298,1,4,8,2022-02-21 04:05:00
299,1,4,14,2022-02-05 22:39:00
300,1,9,12,2022-01-09 23:12:00
301,1,7,9,2022-02-06 06:27:00
302,0,4,5,2022-01-06 12:34:00
303,0,6,8,2022-04-04 11:59:00
304,0,9,16,2022-03-25 02:43:00
305,0,6,9,2022-03-06 19:55:00
306,0,7,17,2022-01-23 18:40:00
307,0,10,15,2022-03-28 11:36:00
308,1,5,12,2022-04-05 23:51:00
309,0,3,7,2022-03-01 16:43:00
310,1,7,11,2022-01-01 17:05:00
311,0,12,17,2022-01-12 17:03:00
312,0,8,14,2022-01-20 13:47:00
313,0,5,8,2022-01-28 02:27:00
314,1,6,11,2022-01-22 13:21:00
315,0,1,3,2022-02-20 05:16:00
316,0,9,11,2022-02-04 02:43:00
317,1,10,16,2022-02-15 02:44:00
318,1,5,7,2022-02-27 20:52:00
319,1,10,19,2022-02-21 12:05:00
320,0,4,7,2022-02-16 02:59:00
321,0,6,13,2022-01-18 18:30:00
322,0,2,5,2022-02-19 15:55:00
323,0,5,13,2022-03-13 04:27:00
324,0,3,10,2022-02-08 00:10:00
325,0,6,10,2022-02-05 11:22:00
326,1,11,18,2022-03-27 05:08:00
327,1,12,17,2022-02-07 17:37:00
328,0,0,4,2022-02-27 01:25:00
329,0,1,8,2022-04-05 06:55:00
330,0,5,9,2022-03-27 03:24:00
331,1,9,13,2022-02-25 16:07:00
332,0,3,8,2022-03-13 12:50:00
333,1,5,5,2022-03-06 15:39:00
334,1,6,8,2022-02-08 13:00:00
335,1,8,18,2022-02-09 15:47:00
336,0,0,2,2022-03-21 12:07:00
337,0,7,9,2022-01-03 04:30:00
338,1,6,8,2022-03-23 01:56:00
339,0,4,11,2022-01-28 07:37:00
340,0,7,11,2022-01-14 15:15:00
341,0,5,11,2022-02-22 00:52:00
342,0,4,10,2022-01-23 06:55:00
343,0,4,6,2022-03-16 07:12:00
344,1,8,10,2022-03-01 17:14:00
345,0,9,13,2022-02-15 19:15:00
346,1,6,12,2022-02-26 00:57:00
347,0,1,6,2022-01-06 18:25:00
348,1,11,21,2022-01-31 22:46:00
349,1,8,19,2022-03-17 22:35:00
350,1,7,12,2022-02-03 09:23:00
351,0,6,12,2022-02-08 04:05:00
352,0,9,16,2022-02-27 02:12:00
353,1,7,10,2022-03-10 19:22:00
354,1,8,14,2022-03-21 23:22:00
355,1,7,11,2022-02-18 23:16:00
356,0,4,9,2022-02-16 04:48:00
357,0,8,12,2022-02-12 02:36:00
358,0,7,11,2022-01-28 04:44:00
359,1,7,16,2022-01-10 07:36:00
360,0,7,10,2022-02-04 15:50:00
361,1,11,13,2022-03-04 23:00:00
362,1,7,13,2022-02-10 00:04:00
363,0,4,6,2022-02-27 08:37:00
364,1,6,11,2022-01-12 12:59:00
365,0,2,6,2022-01-30 07:31:00
366,1,8,12,2022-03-11 22:50:00
367,0,2,10,2022-03-11 20:48:00
368,1,3,3,2022-04-05 16:48:00
369,1,6,10,2022-03-27 00:51:00
370,1,9,16,2022-01-09 20:11:00
371,0,3,8,2022-03-13 00:55:00
372,1,10,16,2022-02-09 23:44:00
373,1,9,15,2022-02-03 00:17:00
374,0,2,11,2022-01-01 07:05:00
375,0,3,9,2022-02-05 22:38:00
376,1,8,14,2022-02-09 08:08:00
377,1,4,15,2022-03-01 13:24:00
378,0,11,20,2022-02-28 01:37:00
379,1,13,18,2022-02-03 08:11:00
380,1,7,15,2022-02-03 04:47:00
381,0,3,7,2022-03-19 00:14:00
382,1,9,12,2022-02-08 08:47:00
383,1,6,11,2022-03-29 10:00:00
384,1,9,13,2022-01-24 18:27:00
385,1,10,16,2022-01-17 22:26:00
386,1,7,11,2022-03-08 06:26:00
387,0,7,13,2022-03-20 21:57:00
388,1,7,11,2022-01-23 00:01:00
389,0,4,12,2022-02-20 22:35:00
390,0,4,11,2022-01-06 00:34:00
391,0,5,10,2022-02-27 03:18:00
392,0,9,14,2022-02-01 00:24:00
393,1,18,22,2022-02-28 09:26:00
394,0,6,12,2022-02-26 14:35:00
395,1,9,11,2022-02-15 16:36:00
396,0,4,8,2022-02-05 20:19:00
397,0,7,11,2022-03-28 19:54:00
398,0,4,10,2022-02-19 14:18:00
399,0,3,7,2022-02-28 17:41:00
400,0,7,11,2022-01-07 03:04:00
401,1,8,11,2022-03-20 02:47:00
402,0,2,7,2022-02-01 02:55:00
403,1,6,15,2022-01-20 23:23:00
404,1,5,9,2022-01-14 17:47:00
405,0,7,12,2022-02-14 19:27:00
406,0,9,15,2022-01-05 22:13:00
407,0,6,11,2022-01-17 12:07:00
408,1,4,7,2022-01-17 12:48:00
409,0,4,7,2022-01-12 10:19:00
410,0,7,12,2022-04-04 11:58:00
411,0,3,6,2022-01-18 13:40:00
412,0,4,13,2022-01-28 17:27:00
413,0,1,3,2022-02-10 18:04:00
414,0,9,12,2022-03-08 22:32:00
415,0,3,11,2022-01-04 15:49:00
416,0,8,14,2022-04-11 12:05:00
417,0,7,9,2022-03-05 22:49:00
418,0,4,11,2022-01-22 15:18:00
419,1,5,9,2022-01-20 22:54:00
420,1,7,10,2022-03-31 23:56:00
421,1,9,13,2022-01-07 00:21:00
422,0,6,9,2022-01-18 11:15:00
423,0,8,12,2022-02-01 00:24:00
424,1,12,18,2022-03-18 12:29:00
425,0,6,11,2022-02-23 20:06:00
426,1,11,16,2022-03-28 13:39:00
427,0,6,10,2022-03-16 07:43:00
428,1,5,12,2022-04-07 04:45:00
429,0,8,17,2022-04-11 12:53:00
430,0,6,11,2022-03-10 23:58:00
431,1,5,12,2022-01-25 12:54:00
432,0,1,8,2022-03-12 00:33:00
433,1,6,13,2022-01-09 13:24:00
434,1,7,12,2022-04-05 23:31:00
435,0,8,16,2022-02-01 00:42:00
436,1,8,13,2022-01-26 12:34:00
437,0,10,17,2022-04-10 11:00:00
438,1,8,15,2022-01-29 23:58:00
439,0,5,9,2022-02-12 04:24:00
440,0,4,8,2022-02-06 12:02:00
441,1,6,13,2022-01-28 22:49:00
442,1,14,21,2022-03-10 09:51:00
443,0,3,11,2022-03-24 07:06:00
444,0,6,10,2022-03-31 04:11:00
445,0,4,7,2022-03-12 01:30:00
446,1,4,7,2022-03-27 02:42:00
447,1,12,18,2022-02-08 11:29:00
448,1,4,6,2022-02-27 17:29:00
449,1,5,9,2022-03-04 09:41:00
450,0,4,9,2022-03-08 18:09:00
451,1,8,13,2022-02-11 14:41:00
452,0,3,7,2022-02-25 04:03:00
453,0,6,12,2022-02-08 19:16:00
454,1,8,12,2022-02-07 13:48:00
455,0,5,12,2022-01-01 20:34:00
456,1,5,10,2022-02-23 00:54:00
457,0,4,8,2022-03-30 00:59:00
458,1,12,17,2022-03-23 18:55:00
459,1,4,10,2022-01-13 11:53:00
460,0,4,9,2022-02-23 06:09:00
461,0,3,10,2022-03-24 19:39:00
462,0,7,13,2022-03-06 14:32:00
463,1,7,10,2022-01-02 12:39:00
464,0,5,10,2022-02-27 10:07:00
465,0,4,8,2022-03-22 21:53:00
466,0,7,9,2022-02-11 02:32:00
467,0,5,13,2022-03-02 19:31:00
468,1,9,14,2022-02-13 17:25:00
469,0,5,6,2022-03-17 14:03:00
470,1,9,17,2022-02-13 10:50:00
471,1,11,18,2022-03-17 23:13:00
472,1,7,13,2022-03-14 15:28:00
473,1,8,13,2022-02-02 10:07:00
474,1,9,14,2022-03-29 09:39:00
475,1,9,12,2022-02-14 05:35:00
476,1,8,14,2022-02-08 11:00:00
477,1,8,12,2022-03-02 10:20:00
478,1,5,10,2022-03-08 09:17:00
479,0,7,14,2022-03-01 13:22:00
480,0,7,10,2022-01-14 07:13:00
481,0,5,8,2022-01-20 18:09:00
482,0,4,12,2022-01-28 07:08:00
483,0,5,9,2022-02-01 06:27:00
484,0,3,5,2022-02-13 11:43:00
485,1,8,13,2022-02-03 02:05:00
486,0,2,6,2022-03-14 05:06:00
487,1,7,11,2022-01-04 20:15:00
488,1,4,6,2022-01-22 06:13:00
489,1,8,12,2022-03-11 18:28:00
490,0,7,14,2022-04-10 11:17:00
491,1,7,11,2022-03-24 10:20:00
492,1,7,10,2022-03-08 03:34:00
493,0,5,8,2022-03-05 08:24:00
494,1,9,12,2022-01-02 19:08:00
495,0,5,8,2022-01-30 22:06:00
496,0,7,9,2022-01-23 21:03:00
497,0,4,9,2022-02-19 21:10:00
498,0,5,8,2022-01-30 06:54:00
499,1,13,19,2022-02-14 20:17:00
500,0,6,10,2022-02-17 01:22:00
501,0,5,6,2022-03-07 10:17:00
502,1,4,7,2022-02-10 17:46:00
503,1,6,8,2022-03-29 09:42:00
504,0,3,8,2022-04-05 12:24:00
505,1,6,15,2022-03-14 15:38:00
506,1,8,12,2022-02-23 20:55:00
507,0,3,7,2022-04-09 01:32:00
508,0,6,12,2022-02-09 02:12:00
509,0,7,14,2022-02-15 15:37:00
510,0,4,7,2022-03-19 15:56:00
511,0,8,11,2022-03-05 11:37:00
512,1,8,15,2022-03-28 14:28:00
513,1,4,11,2022-04-11 16:41:00
514,1,7,9,2022-02-27 00:53:00
515,1,5,9,2022-02-03 11:09:00
516,0,4,7,2022-03-15 16:36:00
517,0,3,4,2022-02-03 19:02:00
518,1,10,20,2022-02-23 04:35:00
519,1,7,10,2022-03-11 13:48:00
520,1,3,7,2022-03-13 05:45:00
521,0,2,6,2022-01-15 03:48:00
522,0,5,12,2022-03-19 08:52:00
523,1,8,13,2022-01-09 10:34:00
524,0,6,11,2022-03-26 00:13:00
525,0,6,14,2022-02-04 08:35:00
526,1,5,13,2022-02-26 19:00:00
527,1,10,17,2022-02-05 18:54:00
528,0,3,9,2022-01-16 09:54:00
529,0,9,14,2022-02-13 14:01:00
530,0,5,6,2022-01-05 14:16:00
531,0,3,8,2022-02-28 09:12:00
532,1,6,11,2022-04-11 03:30:00
533,0,5,10,2022-01-17 13:00:00
534,0,6,9,2022-02-04 11:15:00
535,0,3,9,2022-02-05 19:41:00
536,1,7,14,2022-02-04 16:25:00
537,1,8,15,2022-01-19 00:05:00
538,1,12,14,2022-02-02 20:06:00
539,1,8,14,2022-02-10 11:43:00
540,0,1,7,2022-01-16 00:39:00
541,1,10,16,2022-01-31 07:30:00
542,1,9,15,2022-03-23 18:17:00
543,1,11,20,2022-03-17 19:58:00
544,1,3,8,2022-02-24 00:23:00
545,0,3,7,2022-03-31 17:07:00
546,1,7,15,2022-03-17 22:49:00
547,1,6,9,2022-01-14 11:59:00
548,1,11,20,2022-03-15 22:35:00
549,0,7,11,2022-01-09 03:24:00
550,1,5,10,2022-02-13 10:19:00
551,0,5,8,2022-03-16 03:50:00
552,0,6,10,2022-01-17 20:17:00
553,1,10,19,2022-01-28 01:25:00
554,1,5,12,2022-02-06 13:22:00
555,0,5,7,2022-01-03 11:22:00
556,0,5,12,2022-01-26 08:05:00
557,0,10,13,2022-03-29 00:12:00
558,1,13,16,2022-03-25 19:57:00
559,1,8,14,2022-02-08 11:18:00
560,1,6,10,2022-03-19 18:35:00
561,0,6,14,2022-03-11 15:00:00
562,1,6,10,2022-02-03 01:38:00
563,1,10,12,2022-03-27 14:47:00
564,1,5,9,2022-03-16 08:20:00
565,1,5,12,2022-03-18 06:13:00
566,1,5,6,2022-01-24 08:07:00
567,1,6,9,2022-01-14 10:16:00
568,1,11,19,2022-02-25 00:51:00
569,1,11,17,2022-01-16 11:30:00
570,1,8,12,2022-03-06 18:07:00
571,0,4,9,2022-01-25 20:14:00
572,0,4,9,2022-03-29 18:37:00
573,0,4,10,2022-03-18 18:14:00
574,1,8,10,2022-03-14 13:18:00
575,0,3,9,2022-01-17 17:40:00
576,0,1,5,2022-02-09 02:36:00
577,1,4,7,2022-02-02 23:29:00
578,0,3,4,2022-01-28 15:10:00
579,1,8,10,2022-03-16 20:10:00
580,0,4,6,2022-01-03 09:56:00
581,1,8,12,2022-03-06 00:29:00
582,0,7,10,2022-04-04 09:10:00
583,0,6,14,2022-03-04 20:04:00
584,1,3,6,2022-02-27 12:20:00
585,0,7,14,2022-04-10 18:29:00
586,0,7,13,2022-01-03 13:37:00
587,0,7,11,2022-03-20 04:36:00
588,0,10,14,2022-01-05 09:55:00
589,1,11,15,2022-02-22 21:44:00
590,1,8,14,2022-04-05 18:20:00
591,1,9,12,2022-02-26 07:08:00
592,1,9,11,2022-04-04 10:10:00
593,1,8,15,2022-03-16 09:29:00
594,0,9,11,2022-03-16 22:00:00
595,1,7,12,2022-02-19 19:28:00
596,0,3,12,2022-04-08 04:26:00
597,0,6,18,2022-04-01 15:59:00
598,0,2,4,2022-03-16 13:51:00
599,1,7,10,2022-04-10 08:37:00
600,0,3,16,2022-03-01 08:45:00
601,0,7,10,2022-02-23 00:05:00
602,1,6,10,2022-04-08 09:58:00
603,0,8,9,2022-04-01 16:54:00
604,1,6,14,2022-03-26 12:49:00
605,0,7,13,2022-02-16 00:50:00
606,0,6,10,2022-03-01 15:53:00
607,0,8,17,2022-01-27 16:38:00
608,1,9,13,2022-02-05 16:05:00
609,0,2,8,2022-03-07 11:35:00
610,0,8,15,2022-02-22 17:04:00
611,0,2,7,2022-01-25 00:52:00
612,1,9,15,2022-01-11 06:16:00
613,0,4,9,2022-02-19 15:45:00
614,0,6,10,2022-01-14 18:00:00
615,0,4,8,2022-04-09 12:32:00
616,1,7,15,2022-01-16 05:52:00
617,1,6,8,2022-01-01 07:15:00
618,0,9,12,2022-03-25 16:30:00
619,1,7,13,2022-02-10 02:00:00
620,0,2,6,2022-02-09 10:41:00
621,1,5,8,2022-03-01 02:25:00
622,1,9,13,2022-01-05 09:03:00
623,1,4,9,2022-03-02 08:29:00
624,1,7,12,2022-03-20 02:09:00
625,1,12,15,2022-03-07 00:49:00
626,1,9,15,2022-01-05 14:40:00
627,1,5,12,2022-04-01 00:36:00
628,0,3,6,2022-03-06 14:29:00
629,0,7,11,2022-02-10 14:43:00
630,0,4,13,2022-04-03 20:48:00
631,0,11,17,2022-02-08 13:35:00
632,0,4,8,2022-01-12 14:30:00
633,1,4,11,2022-03-23 08:07:00
634,1,4,6,2022-03-22 00:52:00
635,1,8,16,2022-03-14 05:41:00
636,0,6,7,2022-02-10 05:59:00
637,0,9,15,2022-01-19 06:39:00
638,1,6,10,2022-04-07 20:14:00
639,1,8,12,2022-03-23 15:16:00
640,1,14,18,2022-03-09 05:38:00
641,1,4,6,2022-04-09 11:37:00
642,1,11,17,2022-03-28 13:17:00
643,0,4,6,2022-04-05 23:15:00
644,0,4,10,2022-01-03 08:04:00
645,0,7,11,2022-04-09 20:00:00
646,1,8,9,2022-01-01 08:49:00
647,1,4,10,2022-01-01 23:55:00
648,1,9,17,2022-03-19 02:11:00
649,0,4,8,2022-01-27 10:56:00
650,0,3,8,2022-03-28 07:46:00
651,1,11,15,2022-03-05 11:22:00
652,0,3,5,2022-02-10 13:16:00
653,0,3,6,2022-01-19 01:26:00
654,1,9,17,2022-03-13 14:23:00
655,0,8,11,2022-02-21 00:57:00
656,0,2,6,2022-02-07 12:00:00
657,0,8,14,2022-01-27 11:15:00
658,0,7,14,2022-03-22 08:49:00
659,1,9,10,2022-02-20 16:12:00
660,0,8,14,2022-02-12 14:45:00
661,1,7,11,2022-01-03 04:17:00
662,0,1,9,2022-03-10 00:14:00
663,0,6,12,2022-04-10 08:54:00
664,0,1,5,2022-02-19 07:03:00
665,0,6,10,2022-04-06 06:08:00
666,1,10,16,2022-01-21 06:41:00
667,0,4,7,2022-02-14 18:52:00
668,1,6,15,2022-01-13 03:45:00
669,1,6,14,2022-03-22 14:36:00
670,0,5,9,2022-02-11 10:03:00
671,0,6,11,2022-02-22 20:25:00
672,1,7,10,2022-03-07 21:07:00
673,0,1,10,2022-01-24 20:16:00
674,1,7,9,2022-02-14 22:03:00
675,1,12,18,2022-03-19 00:24:00
676,1,10,14,2022-03-02 14:06:00
677,1,6,10,2022-01-30 10:13:00
678,0,5,9,2022-01-06 20:33:00
679,0,5,10,2022-01-26 21:43:00
680,0,5,8,2022-01-24 12:02:00
681,0,5,9,2022-02-20 00:02:00
682,0,5,8,2022-02-17 16:02:00
683,1,9,15,2022-02-28 09:21:00
684,0,2,8,2022-02-02 22:03:00
685,1,6,9,2022-02-28 22:13:00
686,1,6,10,2022-03-07 15:00:00
687,1,2,3,2022-04-10 04:16:00
688,1,12,13,2022-02-02 15:15:00
689,0,6,11,2022-01-29 03:34:00
690,1,10,15,2022-01-17 19:44:00
691,0,3,11,2022-02-17 08:39:00
692,1,8,13,2022-03-25 19:26:00
693,0,7,9,2022-01-31 20:48:00
694,1,15,19,2022-03-24 20:16:00
695,0,3,13,2022-01-13 19:24:00
696,0,9,18,2022-03-26 01:37:00
697,0,8,15,2022-03-21 19:57:00
698,1,11,12,2022-04-07 15:31:00
699,1,6,7,2022-01-29 04:13:00
700,0,8,12,2022-03-24 01:30:00
701,0,3,6,2022-03-17 15:45:00
702,0,5,14,2022-02-25 18:52:00
703,0,6,15,2022-02-25 21:39:00
704,0,6,11,2022-01-03 00:17:00
705,0,5,11,2022-03-22 07:20:00
706,0,1,6,2022-03-24 07:59:00
707,0,7,13,2022-04-05 20:09:00
708,0,3,13,2022-01-15 19:54:00
709,1,7,9,2022-02-08 09:39:00
710,0,4,11,2022-01-31 15:26:00
711,1,8,10,2022-03-28 20:39:00
712,1,3,6,2022-03-21 10:03:00
713,0,6,18,2022-01-06 04:56:00
714,0,3,10,2022-03-06 21:43:00
715,0,7,14,2022-01-26 01:18:00
716,0,5,14,2022-03-05 06:45:00
717,1,6,12,2022-03-23 23:18:00
718,0,1,2,2022-01-04 19:00:00
719,1,4,10,2022-02-17 12:14:00
720,1,9,10,2022-02-27 21:58:00
721,1,2,6,2022-01-20 18:54:00
722,0,3,10,2022-02-21 23:52:00
723,1,5,12,2022-02-14 12:38:00
724,0,4,9,2022-03-16 14:19:00
725,1,5,9,2022-03-11 06:05:00
726,1,10,12,2022-01-07 07:44:00
727,1,8,15,2022-02-12 12:40:00
728,1,5,6,2022-02-06 07:02:00
729,0,6,8,2022-02-02 23:23:00
730,1,5,10,2022-03-05 18:56:00
731,0,4,10,2022-01-06 01:50:00
732,0,5,13,2022-04-07 23:54:00
733,0,3,9,2022-02-21 04:03:00
734,0,8,13,2022-01-08 23:49:00
735,1,10,16,2022-01-08 11:17:00
736,0,3,7,2022-03-03 07:01:00
737,1,2,7,2022-03-29 07:32:00
738,0,5,8,2022-03-03 07:53:00
739,0,4,8,2022-01-01 20:29:00
740,0,7,11,2022-04-03 04:01:00
741,1,15,20,2022-02-14 03:14:00
742,0,7,12,2022-01-15 00:23:00
743,0,2,6,2022-03-26 17:00:00
744,1,6,12,2022-02-08 17:29:00
745,0,4,4,2022-02-26 05:22:00
746,1,4,8,2022-03-12 20:18:00
747,1,5,8,2022-03-20 22:44:00
748,1,5,10,2022-04-08 13:06:00
749,1,8,13,2022-01-03 23:50:00
750,0,6,14,2022-03-14 05:01:00
751,1,8,9,2022-03-28 01:00:00
752,1,6,12,2022-02-03 22:32:00
753,1,6,8,2022-03-05 02:40:00
754,0,3,7,2022-01-05 07:17:00
755,1,8,15,2022-02-24 02:51:00
756,0,8,11,2022-03-31 19:37:00
757,0,5,9,2022-02-16 17:51:00
758,0,2,6,2022-03-23 16:22:00
759,0,7,14,2022-04-01 10:01:00
760,1,8,15,2022-02-18 08:30:00
761,0,5,13,2022-01-30 07:31:00
762,0,7,12,2022-03-08 08:18:00
763,0,3,5,2022-03-30 11:50:00
764,1,7,11,2022-03-07 07:56:00
765,1,8,17,2022-01-17 20:45:00
766,1,8,11,2022-01-29 11:31:00
767,0,7,13,2022-01-23 13:26:00
768,1,7,16,2022-03-13 09:47:00
769,1,5,10,2022-01-24 17:46:00
770,1,9,18,2022-02-12 00:43:00
771,0,5,13,2022-03-19 19:44:00
772,0,5,9,2022-02-18 18:00:00
773,0,3,7,2022-01-14 21:43:00
774,1,8,14,2022-01-17 15:53:00
775,0,6,11,2022-02-06 07:41:00
776,0,10,19,2022-01-25 15:45:00
777,0,4,8,2022-04-07 21:02:00
778,1,5,10,2022-02-16 04:26:00
779,1,8,16,2022-03-31 09:00:00
780,0,5,15,2022-01-13 13:31:00
781,0,4,4,2022-01-18 12:14:00
782,1,8,13,2022-03-19 08:01:00
783,1,7,10,2022-02-04 08:01:00
784,0,3,3,2022-02-03 02:20:00
785,0,4,6,2022-03-20 15:48:00
786,0,9,19,2022-03-10 01:52:00
787,0,3,6,2022-03-09 02:57:00
788,0,3,8,2022-02-22 17:49:00
789,0,7,14,2022-02-23 18:29:00
790,1,8,13,2022-03-30 14:21:00
791,0,5,8,2022-01-12 17:52:00
792,1,6,9,2022-03-03 12:55:00
793,0,6,9,2022-01-10 09:10:00
794,1,7,14,2022-01-11 18:27:00
795,1,5,8,2022-03-21 13:02:00
796,0,3,7,2022-02-08 23:06:00
797,0,5,9,2022-03-10 15:06:00
798,0,2,13,2022-03-04 18:55:00
799,0,4,11,2022-01-25 20:38:00
800,0,7,10,2022-03-13 09:19:00
801,1,6,12,2022-02-02 21:40:00
802,0,2,9,2022-01-21 04:37:00
803,0,3,6,2022-01-30 00:25:00
804,1,8,9,2022-01-31 22:42:00
805,1,8,14,2022-01-17 10:53:00
806,1,5,6,2022-01-06 02:06:00
807,0,3,4,2022-01-06 01:02:00
808,1,6,10,2022-01-22 18:36:00
809,1,11,14,2022-03-09 08:28:00
810,0,9,17,2022-03-05 07:01:00
811,1,6,13,2022-03-08 17:52:00
812,0,8,14,2022-02-15 02:38:00
813,1,11,15,2022-01-06 14:53:00
814,0,5,8,2022-01-30 18:58:00
815,0,4,7,2022-03-29 08:00:00
816,0,6,11,2022-01-03 21:32:00
817,0,6,9,2022-01-04 22:34:00
818,1,5,7,2022-03-30 01:39:00
819,1,7,11,2022-02-28 13:37:00
820,0,4,10,2022-02-24 12:08:00
821,0,6,13,2022-03-15 15:45:00
822,0,7,15,2022-04-09 12:51:00
823,0,1,6,2022-02-06 15:40:00
824,0,5,12,2022-02-28 23:14:00
825,1,7,9,2022-03-02 21:16:00
826,0,5,10,2022-01-21 18:32:00
827,1,3,3,2022-03-14 17:10:00
828,1,10,15,2022-01-07 23:23:00
829,0,10,16,2022-03-27 06:01:00
830,1,9,15,2022-02-11 13:06:00
831,0,4,8,2022-02-20 14:44:00
832,1,5,14,2022-01-28 05:14:00
833,1,10,16,2022-03-23 13:58:00
834,1,1,4,2022-01-20 17:04:00
835,0,8,16,2022-02-07 10:16:00
836,1,5,8,2022-01-16 07:03:00
837,0,4,10,2022-03-18 22:09:00
838,0,8,11,2022-03-06 08:51:00
839,1,7,12,2022-02-05 07:31:00
840,0,5,12,2022-01-20 01:04:00
841,0,5,9,2022-04-03 09:23:00
842,0,3,9,2022-01-05 02:47:00
843,1,12,18,2022-02-23 04:53:00
844,0,3,9,2022-04-03 16:30:00
845,1,5,10,2022-03-17 15:43:00
846,1,9,17,2022-02-23 19:06:00
847,0,3,8,2022-03-07 00:31:00
848,0,4,8,2022-01-01 14:05:00
849,1,6,13,2022-01-17 14:23:00
850,1,12,14,2022-01-11 10:56:00
851,1,7,10,2022-01-25 08:21:00
852,0,5,12,2022-02-01 09:43:00
853,1,12,21,2022-02-03 17:59:00
854,1,5,12,2022-02-06 00:26:00
855,1,9,11,2022-02-23 13:15:00
856,0,9,14,2022-02-05 05:09:00
857,0,6,11,2022-02-11 18:32:00
858,0,6,12,2022-02-21 05:45:00
859,0,7,9,2022-02-10 07:00:00
860,1,7,9,2022-02-08 01:10:00
861,1,8,11,2022-02-20 18:09:00
862,0,8,19,2022-03-09 11:43:00
863,0,4,8,2022-02-09 04:16:00
864,1,6,10,2022-04-03 02:54:00
865,1,10,19,2022-02-09 02:13:00
866,0,1,5,2022-01-29 12:59:00
867,0,6,12,2022-03-11 08:53:00
868,1,4,10,2022-01-21 05:22:00
869,0,7,14,2022-02-02 05:35:00
870,1,7,14,2022-03-11 13:33:00
871,0,3,9,2022-02-25 20:35:00
872,1,4,6,2022-01-24 17:59:00
873,0,6,10,2022-03-14 11:18:00
874,0,6,11,2022-02-20 02:58:00
875,0,6,12,2022-03-10 04:01:00
876,0,6,10,2022-02-20 12:41:00
877,0,8,13,2022-03-22 00:23:00
878,1,5,12,2022-03-01 09:42:00
879,1,4,6,2022-01-18 15:29:00
880,1,9,16,2022-03-13 20:08:00
881,0,7,16,2022-03-17 23:02:00
882,1,3,9,2022-02-09 14:51:00
883,1,7,12,2022-03-03 05:12:00
884,1,6,10,2022-01-15 15:46:00
885,0,7,9,2022-03-25 11:52:00
886,1,14,15,2022-01-01 21:13:00
887,1,8,12,2022-01-25 00:35:00
888,0,6,9,2022-01-30 01:44:00
889,1,5,8,2022-02-24 14:00:00
890,0,4,10,2022-01-28 04:47:00
891,0,9,17,2022-03-21 06:40:00
892,0,4,8,2022-02-10 00:58:00
893,1,9,14,2022-03-08 04:54:00
894,1,10,14,2022-02-11 14:00:00
895,0,6,14,2022-03-14 18:44:00
896,1,4,10,2022-01-01 20:23:00
897,1,3,10,2022-01-23 08:17:00
898,0,2,8,2022-04-07 03:22:00
899,0,5,8,2022-03-04 00:28:00
900,1,7,12,2022-02-03 01:47:00
901,0,4,8,2022-01-11 10:50:00
902,0,3,13,2022-04-02 14:19:00
903,0,4,11,2022-03-04 12:00:00
904,1,8,16,2022-03-02 08:01:00
905,1,11,18,2022-01-11 03:39:00
906,0,2,10,2022-04-09 22:59:00
907,0,5,10,2022-03-14 21:27:00
908,0,7,10,2022-03-06 15:36:00
909,0,7,10,2022-02-09 12:46:00
910,1,8,18,2022-03-23 18:00:00
911,0,4,7,2022-03-16 00:48:00
912,1,7,11,2022-01-20 21:21:00
913,0,9,21,2022-01-07 19:16:00
914,1,4,10,2022-01-26 08:21:00
915,1,5,11,2022-01-21 22:57:00
916,0,7,11,2022-03-31 03:58:00
917,0,4,10,2022-02-23 17:17:00
918,1,9,11,2022-03-10 01:16:00
919,0,6,11,2022-01-10 05:29:00
920,1,10,22,2022-03-15 20:39:00
921,1,3,9,2022-02-12 20:23:00
922,0,7,13,2022-02-18 00:30:00
923,1,10,18,2022-03-27 22:07:00
924,1,6,8,2022-02-20 04:23:00
925,1,8,11,2022-01-31 09:05:00
926,1,6,11,2022-03-05 13:29:00
927,0,7,11,2022-01-12 21:31:00
928,1,9,14,2022-02-21 22:18:00
929,0,3,5,2022-01-10 19:31:00
930,1,8,10,2022-02-23 19:33:00
931,0,7,9,2022-03-26 14:35:00
932,0,3,6,2022-03-25 12:42:00
933,0,2,7,2022-02-11 11:28:00
934,0,6,13,2022-03-20 01:09:00
935,1,5,9,2022-02-09 16:11:00
936,0,4,11,2022-03-28 22:50:00
937,0,2,6,2022-03-25 14:17:00
938,0,9,13,2022-03-13 21:21:00
939,1,4,10,2022-03-20 05:59:00
940,0,2,8,2022-01-16 16:15:00
941,0,5,12,2022-01-16 04:37:00
942,0,4,8,2022-03-12 12:23:00
943,1,12,18,2022-02-15 06:28:00
944,0,0,5,2022-04-09 00:41:00
945,0,6,11,2022-03-12 14:04:00
946,1,9,13,2022-03-24 21:57:00
947,0,6,13,2022-01-29 13:06:00
948,1,9,13,2022-04-09 03:01:00
949,1,6,7,2022-01-29 17:25:00
950,0,4,12,2022-03-13 00:51:00
951,1,6,8,2022-03-17 05:20:00
952,0,10,14,2022-02-10 06:45:00
953,0,2,3,2022-01-10 07:38:00
954,0,8,11,2022-01-25 17:38:00
955,0,6,11,2022-02-03 13:26:00
956,0,5,11,2022-03-18 14:50:00
957,1,8,10,2022-02-11 22:42:00
958,1,7,12,2022-03-25 21:57:00
959,1,9,15,2022-03-15 08:24:00
960,0,7,12,2022-02-02 22:38:00
961,1,8,14,2022-01-11 19:10:00
962,0,3,9,2022-04-06 00:15:00
963,0,5,7,2022-01-12 07:20:00
964,0,3,10,2022-03-18 04:20:00
965,0,9,18,2022-01-29 23:43:00
966,0,2,8,2022-03-28 07:12:00
967,1,10,16,2022-02-27 02:00:00
968,0,3,5,2022-01-23 07:49:00
969,1,10,14,2022-02-28 05:17:00
970,1,8,14,2022-04-07 06:01:00
971,0,6,11,2022-01-26 13:55:00
972,1,4,11,2022-03-06 04:25:00
973,1,6,10,2022-02-01 14:26:00
974,1,9,11,2022-03-08 23:10:00
975,0,3,9,2022-01-05 07:06:00
976,1,6,8,2022-02-18 17:37:00
977,0,9,14,2022-01-02 11:58:00
978,0,1,4,2022-01-31 05:42:00
979,1,10,17,2022-01-05 20:17:00
980,1,5,6,2022-02-16 17:04:00
981,1,9,12,2022-03-10 14:00:00
982,1,6,10,2022-03-05 11:30:00
983,1,10,13,2022-01-21 18:36:00
984,1,4,8,2022-03-22 20:03:00
985,0,5,10,2022-01-21 09:07:00
986,1,8,11,2022-04-05 15:56:00
987,1,6,14,2022-01-08 00:04:00
988,0,5,9,2022-03-31 03:29:00
989,1,5,6,2022-04-11 10:44:00
990,0,4,7,2022-02-16 09:36:00
991,0,2,7,2022-02-18 12:00:00
992,0,7,9,2022-02-04 00:55:00
993,1,6,8,2022-03-09 23:37:00
994,1,6,11,2022-02-20 00:21:00
995,0,4,11,2022-01-08 19:51:00
996,1,4,10,2022-03-26 09:37:00
997,1,9,14,2022-04-08 17:02:00
998,0,6,12,2022-01-22 17:34:00
999,1,10,13,2022-02-02 13:36:00
